stop_name,line,year,headway_time_sec,x,y
Airport,blue,2016,440.5259979095898,608,155
Airport,blue,2017,423.1213116139217,608,155
Airport,blue,2018,427.52836341263856,608,155
Airport,blue,2019,420.6901954858332,608,155
Airport,blue,2020,461.26388609276114,608,155
Airport,blue,2021,460.7333258781522,608,155
Airport,blue,2022,492.4242869857946,608,155
Alewife,red,2016,522.8975689715708,294,55
Alewife,red,2017,519.1137155105808,294,55
Alewife,red,2018,629.9580139999446,294,55
Alewife,red,2019,602.7704240255091,294,55
Alewife,red,2020,591.3279952059618,294,55
Alewife,red,2021,786.78262311903,294,55
Alewife,red,2022,736.0493838548001,294,55
Allston Street,green,2016,663.7907922162639,192,198
Allston Street,green,2017,461.5053867401082,192,198
Allston Street,green,2018,467.1568210404868,192,198
Allston Street,green,2019,505.68692294546224,192,198
Allston Street,green,2020,398.3647952906322,192,198
Allston Street,green,2021,535.771095263445,192,198
Allston Street,green,2022,557.9995538938683,192,198
Amory Street,green,2021,557.5486711326993,263,212
Amory Street,green,2022,551.3431401208452,263,212
Andrew,red,2016,467.8402163377462,551,382
Andrew,red,2017,462.0926054305544,551,382
Andrew,red,2018,531.1090175760653,551,382
Andrew,red,2019,542.9599000104613,551,382
Andrew,red,2020,545.1989248776915,551,382
Andrew,red,2021,559.7973725887896,551,382
Andrew,red,2022,626.7645239041034,551,382
Aquarium,blue,2016,439.7415992275422,554,211
Aquarium,blue,2017,421.1308020643353,554,211
Aquarium,blue,2018,428.55168231369726,554,211
Aquarium,blue,2019,421.339076186247,554,211
Aquarium,blue,2020,458.113547583303,554,211
Aquarium,blue,2021,461.32082113417744,554,211
Aquarium,blue,2022,493.6522858444358,554,211
Arlington,green,2016,310.9103618321549,414,266
Arlington,green,2017,310.5713771034288,414,266
Arlington,green,2018,323.4450823180408,414,266
Arlington,green,2019,315.8365341647867,414,266
Arlington,green,2020,345.08979480817527,414,266
Arlington,green,2021,360.78688215310217,414,266
Arlington,green,2022,358.142486530774,414,266
Ashmont,red,2016,694.3734277129907,524,517
Ashmont,red,2017,604.6069246363038,524,517
Ashmont,red,2018,515.4038909946543,524,517
Ashmont,red,2019,880.7781736910501,524,517
Ashmont,red,2020,864.0853070211393,524,517
Ashmont,red,2021,884.6768461582097,524,517
Ashmont,red,2022,810.7725100758398,524,517
Assembly,orange,2016,502.6827591510944,526,76
Assembly,orange,2017,504.65730713668495,526,76
Assembly,orange,2018,520.2975684335248,526,76
Assembly,orange,2019,516.1028738389169,526,76
Assembly,orange,2020,529.9798550695502,526,76
Assembly,orange,2021,544.4794092356997,526,76
Assembly,orange,2022,587.8686488783547,526,76
Babcock Street,green,2021,559.8152929691903,251,201
Babcock Street,green,2022,620.0181248651852,251,201
Back Bay,orange,2016,509.78727338272586,425,345
Back Bay,orange,2017,512.5523226068603,425,345
Back Bay,orange,2018,521.3889179693525,425,345
Back Bay,orange,2019,517.2614412908581,425,345
Back Bay,orange,2020,533.4994930583456,425,345
Back Bay,orange,2021,566.5159980044921,425,345
Back Bay,orange,2022,582.315732121273,425,345
Back of the Hill,green,2016,690.7395128730213,295,392
Back of the Hill,green,2017,478.4154970204696,295,392
Back of the Hill,green,2018,696.0054331032463,295,392
Back of the Hill,green,2019,581.4142216873552,295,392
Back of the Hill,green,2020,612.4787815476843,295,392
Back of the Hill,green,2021,625.9663747343933,295,392
Back of the Hill,green,2022,611.5168633218132,295,392
Ball Square,green,2022,445.5137472875998,414,55
Beachmont,blue,2016,445.6561661891394,678,86
Beachmont,blue,2017,426.6089183878049,678,86
Beachmont,blue,2018,431.7263887696671,678,86
Beachmont,blue,2019,423.311300515297,678,86
Beachmont,blue,2020,466.5773008487548,678,86
Beachmont,blue,2021,464.4026282949055,678,86
Beachmont,blue,2022,490.5712354141991,678,86
Beaconsfield,green,2016,486.3152138520845,259,327
Beaconsfield,green,2017,364.4510647422925,259,327
Beaconsfield,green,2018,697.6101247048886,259,327
Beaconsfield,green,2019,556.4486034778764,259,327
Beaconsfield,green,2020,494.3234594527911,259,327
Beaconsfield,green,2021,466.5563075081725,259,327
Beaconsfield,green,2022,437.3485345836925,259,327
Blandford Street,green,2016,619.2748297680479,298,248
Blandford Street,green,2017,457.1325734601081,298,248
Blandford Street,green,2018,472.8332229520547,298,248
Blandford Street,green,2019,472.4510361122629,298,248
Blandford Street,green,2020,398.0052323554072,298,248
Blandford Street,green,2021,390.49171195381007,298,248
Blandford Street,green,2022,718.8784714249434,298,248
Boston College,green,2016,353.0733102826571,116,267
Boston College,green,2017,400.9330402124718,116,267
Boston College,green,2018,571.7951570938438,116,267
Boston College,green,2019,817.1755885621906,116,267
Boston College,green,2020,9.0,116,267
Boston College,green,2021,781.0,116,267
Boston College,green,2022,460.1144519883608,116,267
Boston University Central,green,2016,389.537349319797,274,224
Boston University Central,green,2017,472.75860967302674,274,224
Boston University Central,green,2018,403.6217286425703,274,224
Boston University Central,green,2019,409.2374150182324,274,224
Boston University Central,green,2020,358.845078671163,274,224
Boston University Central,green,2021,511.3931937614051,274,224
Boston University Central,green,2022,547.2678189933655,274,224
Boston University East,green,2016,650.2209260424943,286,236
Boston University East,green,2017,541.6964779048411,286,236
Boston University East,green,2018,404.2393480651924,286,236
Boston University East,green,2019,377.1192686282069,286,236
Boston University East,green,2020,488.4270831201159,286,236
Boston University East,green,2021,453.3597831285579,286,236
Boston University East,green,2022,547.8346264273603,286,236
Bowdoin,blue,2016,443.3161702353191,482,195
Bowdoin,blue,2017,424.56223816982987,482,195
Bowdoin,blue,2018,259.85351058806435,482,195
Bowdoin,blue,2019,425.1439306647964,482,195
Bowdoin,blue,2020,417.1945096843068,482,195
Bowdoin,blue,2021,770.982650436975,482,195
Bowdoin,blue,2022,832.0313805783052,482,195
Boylston,green,2016,311.7533886287445,443,266
Boylston,green,2017,309.9798618425812,443,266
Boylston,green,2018,324.0593544661795,443,266
Boylston,green,2019,315.54396617089606,443,266
Boylston,green,2020,344.51025766536213,443,266
Boylston,green,2021,360.04121380564914,443,266
Boylston,green,2022,358.168626769284,443,266
Braintree,red,2016,686.3500361607604,650,579
Braintree,red,2017,691.1982023589597,650,579
Braintree,red,2018,919.7477723958174,650,579
Braintree,red,2019,940.628946260424,650,579
Braintree,red,2020,826.017685142237,650,579
Braintree,red,2021,1058.4068083750026,650,579
Braintree,red,2022,1121.2089059138832,650,579
Brandon Hall,green,2016,404.2069428762008,210,277
Brandon Hall,green,2017,532.1788861535258,210,277
Brandon Hall,green,2018,561.4934608250835,210,277
Brandon Hall,green,2019,552.0436361327434,210,277
Brandon Hall,green,2020,605.3199198724033,210,277
Brandon Hall,green,2021,556.887677807338,210,277
Brandon Hall,green,2022,553.6740007971025,210,277
Brigham Circle,green,2016,600.7987616819995,331,356
Brigham Circle,green,2017,588.9108575162898,331,356
Brigham Circle,green,2018,438.140901320706,331,356
Brigham Circle,green,2019,464.6766779392419,331,356
Brigham Circle,green,2020,549.9663812537184,331,356
Brigham Circle,green,2021,470.1792187635765,331,356
Brigham Circle,green,2022,518.1325521190439,331,356
Broadway,red,2016,469.919035171182,551,353
Broadway,red,2017,462.3654448932196,551,353
Broadway,red,2018,532.0866591087461,551,353
Broadway,red,2019,548.133092123539,551,353
Broadway,red,2020,545.4321635078453,551,353
Broadway,red,2021,560.004844368054,551,353
Broadway,red,2022,627.3601310758537,551,353
Brookline Hills,green,2016,450.481881157471,270,316
Brookline Hills,green,2017,439.14601793868735,270,316
Brookline Hills,green,2018,521.5510031644064,270,316
Brookline Hills,green,2019,396.54126166018585,270,316
Brookline Hills,green,2020,511.3839653004839,270,316
Brookline Hills,green,2021,546.0409107438988,270,316
Brookline Hills,green,2022,531.045977257789,270,316
Brookline Village,green,2016,478.4641919577351,280,306
Brookline Village,green,2017,446.51566722985024,280,306
Brookline Village,green,2018,515.8293778825863,280,306
Brookline Village,green,2019,852.7881472882036,280,306
Brookline Village,green,2020,499.5567652747036,280,306
Brookline Village,green,2021,524.2198036299728,280,306
Brookline Village,green,2022,532.4391523244402,280,306
Butler,red,2017,481.2565986773138,518,554
Butler,red,2018,635.1074134761998,518,554
Butler,red,2019,556.9754887389431,518,554
Butler,red,2020,574.8791510217555,518,554
Butler,red,2021,550.9820512861818,518,554
Butler,red,2022,584.0684436312945,518,554
Capen Street,red,2017,513.3700334534226,458,554
Capen Street,red,2018,638.1766514071348,458,554
Capen Street,red,2019,554.9124221995255,458,554
Capen Street,red,2020,571.5999361151348,458,554
Capen Street,red,2021,551.8154737015868,458,554
Capen Street,red,2022,584.7512233925204,458,554
Cedar Grove,red,2017,486.09505306633145,524,539
Cedar Grove,red,2018,635.7300043728212,524,539
Cedar Grove,red,2019,573.5363932994546,524,539
Cedar Grove,red,2020,586.9517309093961,524,539
Cedar Grove,red,2021,559.6845707031641,524,539
Cedar Grove,red,2022,589.6550125170475,524,539
Central,red,2016,468.2669217603977,401,163
Central,red,2017,460.4224459887045,401,163
Central,red,2018,530.916016861642,401,163
Central,red,2019,550.5592395207839,401,163
Central,red,2020,547.0278017900031,401,163
Central,red,2021,565.4077763597791,401,163
Central,red,2022,628.3487838924004,401,163
Central Avenue,red,2017,488.9345718441243,488,554
Central Avenue,red,2018,541.1429654705639,488,554
Central Avenue,red,2019,551.7415375277549,488,554
Central Avenue,red,2020,570.5804677334963,488,554
Central Avenue,red,2021,549.6867375057597,488,554
Central Avenue,red,2022,582.702717637146,488,554
Charles/MGH,red,2016,469.937339612937,455,218
Charles/MGH,red,2017,459.4506171745705,455,218
Charles/MGH,red,2018,533.626280281323,455,218
Charles/MGH,red,2019,547.3470543274924,455,218
Charles/MGH,red,2020,546.700948657558,455,218
Charles/MGH,red,2021,565.347735433766,455,218
Charles/MGH,red,2022,628.5353921357652,455,218
Chestnut Hill,green,2016,585.5850144176773,239,348
Chestnut Hill,green,2017,551.8336603545079,239,348
Chestnut Hill,green,2018,535.7629706785267,239,348
Chestnut Hill,green,2019,497.1985759652054,239,348
Chestnut Hill,green,2020,756.9255674399707,239,348
Chestnut Hill,green,2021,520.9298250057228,239,348
Chestnut Hill,green,2022,502.9317863827844,239,348
Chestnut Hill Avenue,green,2016,408.33577414632464,143,248
Chestnut Hill Avenue,green,2017,514.0781357058612,143,248
Chestnut Hill Avenue,green,2018,451.5844235056656,143,248
Chestnut Hill Avenue,green,2019,443.08479782564353,143,248
Chestnut Hill Avenue,green,2020,492.3794006582973,143,248
Chestnut Hill Avenue,green,2021,531.1294571628522,143,248
Chestnut Hill Avenue,green,2022,459.7477757801444,143,248
Chinatown,orange,2016,512.9106293250147,475,295
Chinatown,orange,2017,513.0764514687135,475,295
Chinatown,orange,2018,528.2208799567893,475,295
Chinatown,orange,2019,513.4119372771638,475,295
Chinatown,orange,2020,529.322417327319,475,295
Chinatown,orange,2021,567.4604620741115,475,295
Chinatown,orange,2022,582.1841449590654,475,295
Chiswick Road,green,2016,581.9185921397233,153,238
Chiswick Road,green,2017,417.759407607796,153,238
Chiswick Road,green,2018,393.2699485826191,153,238
Chiswick Road,green,2019,391.51756182633954,153,238
Chiswick Road,green,2020,491.3916155029318,153,238
Chiswick Road,green,2021,558.5800354979968,153,238
Chiswick Road,green,2022,522.8126221358888,153,238
Cleveland Circle,green,2016,945.4059646118722,140,339
Cleveland Circle,green,2017,688.3398326136899,140,339
Cleveland Circle,green,2018,689.0112834273176,140,339
Cleveland Circle,green,2019,884.469304740514,140,339
Cleveland Circle,green,2022,684.4671564390666,140,339
Community College,orange,2016,505.69349672645626,526,113
Community College,orange,2017,512.3231631194254,526,113
Community College,orange,2018,526.7908485345686,526,113
Community College,orange,2019,511.5056715906606,526,113
Community College,orange,2020,524.3426085597362,526,113
Community College,orange,2021,552.8403643809154,526,113
Community College,orange,2022,582.3091287363955,526,113
Coolidge Corner,green,2016,468.3148523321042,231,256
Coolidge Corner,green,2017,453.23902794859606,231,256
Coolidge Corner,green,2018,544.8371568608915,231,256
Coolidge Corner,green,2019,563.8493776744779,231,256
Coolidge Corner,green,2020,564.5644066688501,231,256
Coolidge Corner,green,2021,569.2642592766258,231,256
Coolidge Corner,green,2022,542.5440255487574,231,256
Copley,green,2016,309.9605575884578,385,266
Copley,green,2017,310.3125043281712,385,266
Copley,green,2018,325.80662406899773,385,266
Copley,green,2019,315.4386141031728,385,266
Copley,green,2020,345.4697165616606,385,266
Copley,green,2021,360.47815828315896,385,266
Copley,green,2022,357.963117301535,385,266
Davis,red,2016,463.5203770040134,320,83
Davis,red,2017,456.9142149405941,320,83
Davis,red,2018,529.1638446682026,320,83
Davis,red,2019,539.2944563029204,320,83
Davis,red,2020,539.1906111918676,320,83
Davis,red,2021,560.2068670656456,320,83
Davis,red,2022,620.6383942363282,320,83
Dean Road,green,2016,524.3417363042269,169,319
Dean Road,green,2017,509.40591511803393,169,319
Dean Road,green,2018,569.0679180126461,169,319
Dean Road,green,2019,563.8939735941312,169,319
Dean Road,green,2020,454.7087139370821,169,319
Dean Road,green,2021,487.66122772959744,169,319
Dean Road,green,2022,632.9586043698118,169,319
Downtown Crossing,orange,2016,509.4706180112855,505,265
Downtown Crossing,orange,2017,511.4507653281459,505,265
Downtown Crossing,orange,2018,526.2211793246707,505,265
Downtown Crossing,orange,2019,511.1336069285253,505,265
Downtown Crossing,orange,2020,527.5981712243891,505,265
Downtown Crossing,orange,2021,565.761506544571,505,265
Downtown Crossing,orange,2022,580.0015227623289,505,265
Downtown Crossing,red,2016,468.5405491858186,505,265
Downtown Crossing,red,2017,515.540366003314,505,265
Downtown Crossing,red,2018,530.8140883034016,505,265
Downtown Crossing,red,2019,547.9118992568912,505,265
Downtown Crossing,red,2020,545.9322438984939,505,265
Downtown Crossing,red,2021,564.1953323320574,505,265
Downtown Crossing,red,2022,629.8268298925967,505,265
East Somerville,green,2022,447.31148521075886,462,103
Eliot,green,2016,498.4559794750336,207,379
Eliot,green,2017,364.9564543353152,207,379
Eliot,green,2018,505.58026056142114,207,379
Eliot,green,2019,607.8378045391102,207,379
Eliot,green,2020,530.3616160998504,207,379
Eliot,green,2021,463.1124073770106,207,379
Eliot,green,2022,536.9766228041382,207,379
Englewood Avenue,green,2016,457.7063894882114,158,330
Englewood Avenue,green,2017,534.9405459094203,158,330
Englewood Avenue,green,2018,628.8306280411598,158,330
Englewood Avenue,green,2019,584.4583245670611,158,330
Englewood Avenue,green,2020,427.1349713991764,158,330
Englewood Avenue,green,2021,423.4945754068731,158,330
Englewood Avenue,green,2022,601.1632508280104,158,330
Fairbanks Street,green,2016,453.0518806090629,200,288
Fairbanks Street,green,2017,658.983429765293,200,288
Fairbanks Street,green,2018,554.5352169649769,200,288
Fairbanks Street,green,2019,390.4012790087249,200,288
Fairbanks Street,green,2020,584.0502250731057,200,288
Fairbanks Street,green,2021,553.1734754692833,200,288
Fairbanks Street,green,2022,553.4033942307448,200,288
Fenway,green,2016,508.7799147201775,302,284
Fenway,green,2017,369.1672875759921,302,284
Fenway,green,2018,415.3781376503857,302,284
Fenway,green,2019,412.6770159795584,302,284
Fenway,green,2020,387.4604799327077,302,284
Fenway,green,2021,250.68241605131024,302,284
Fenway,green,2022,461.25332361383295,302,284
Fenwood Road,green,2016,694.8372032729776,322,365
Fenwood Road,green,2017,644.5045219549279,322,365
Fenwood Road,green,2018,674.9007084926518,322,365
Fenwood Road,green,2019,576.0096778745917,322,365
Fenwood Road,green,2020,609.0589522251386,322,365
Fenwood Road,green,2021,553.6441120730819,322,365
Fenwood Road,green,2022,404.62192224755137,322,365
Fields Corner,red,2016,710.1259909907349,524,493
Fields Corner,red,2017,706.1235177310411,524,493
Fields Corner,red,2018,722.7553031556404,524,493
Fields Corner,red,2019,751.0424441545185,524,493
Fields Corner,red,2020,738.918706814849,524,493
Fields Corner,red,2021,752.0573816563747,524,493
Fields Corner,red,2022,839.6694940295148,524,493
Forest Hills,orange,2016,499.69223892457455,285,487
Forest Hills,orange,2017,505.7861356582719,285,487
Forest Hills,orange,2018,784.1759212048555,285,487
Forest Hills,orange,2019,601.9104458138592,285,487
Forest Hills,orange,2020,549.1662223164475,285,487
Forest Hills,orange,2021,550.1963620708212,285,487
Forest Hills,orange,2022,570.138714836274,285,487
Gilman Square,green,2022,426.4362471063112,446,86
Government Center,blue,2016,442.7926433131915,500,212
Government Center,blue,2017,421.51483438141537,500,212
Government Center,blue,2018,430.8279687059528,500,212
Government Center,blue,2019,421.789474534429,500,212
Government Center,blue,2020,458.9007961535808,500,212
Government Center,blue,2021,461.5952307582055,500,212
Government Center,blue,2022,494.60385497839854,500,212
Government Center,green,2016,321.2471361740764,500,212
Government Center,green,2017,322.7611904142961,500,212
Government Center,green,2018,362.6661845423483,500,212
Government Center,green,2019,369.3302746445851,500,212
Government Center,green,2020,424.4811165494111,500,212
Government Center,green,2021,438.73206328616953,500,212
Government Center,green,2022,447.68112681503584,500,212
Government Center,red,2019,151.0,500,212
Green Street,orange,2016,510.8637482871669,306,464
Green Street,orange,2017,506.34390835710167,306,464
Green Street,orange,2018,516.9180984865748,306,464
Green Street,orange,2019,516.5813222932447,306,464
Green Street,orange,2020,535.6898287509794,306,464
Green Street,orange,2021,566.4151230546595,306,464
Green Street,orange,2022,589.1878786990472,306,464
Griggs Street,green,2016,443.8730849259465,204,188
Griggs Street,green,2017,499.1533039934343,204,188
Griggs Street,green,2018,413.93686631757646,204,188
Griggs Street,green,2019,645.6820414893374,204,188
Griggs Street,green,2020,491.6035131946751,204,188
Griggs Street,green,2021,535.5518185875984,204,188
Griggs Street,green,2022,551.7938675828393,204,188
Harvard,red,2016,462.8099344080245,377,139
Harvard,red,2017,468.238107470758,377,139
Harvard,red,2018,552.5551544838283,377,139
Harvard,red,2019,555.4322373655042,377,139
Harvard,red,2020,540.3995610759521,377,139
Harvard,red,2021,559.9664479419819,377,139
Harvard,red,2022,620.2661784988645,377,139
Harvard Avenue,green,2016,534.2521465899417,221,183
Harvard Avenue,green,2017,422.47496131489726,221,183
Harvard Avenue,green,2018,545.6910642840891,221,183
Harvard Avenue,green,2019,497.5764651957776,221,183
Harvard Avenue,green,2020,401.327160280239,221,183
Harvard Avenue,green,2021,556.5215707207883,221,183
Harvard Avenue,green,2022,620.9345499156233,221,183
Hawes Street,green,2016,690.2748222722981,275,247
Hawes Street,green,2017,680.3575512397684,275,247
Hawes Street,green,2018,423.2669660086149,275,247
Hawes Street,green,2019,473.6288843993596,275,247
Hawes Street,green,2020,560.964803737393,275,247
Hawes Street,green,2021,373.7601159058102,275,247
Hawes Street,green,2022,651.68104393767,275,247
Haymarket,green,2016,437.9326776642564,518,193
Haymarket,green,2017,439.3722361271922,518,193
Haymarket,green,2018,488.98297842130575,518,193
Haymarket,green,2019,457.996961738628,518,193
Haymarket,green,2020,505.7486522943194,518,193
Haymarket,green,2021,428.7543477619452,518,193
Haymarket,green,2022,539.7432884748189,518,193
Haymarket,orange,2016,509.3633557492917,526,194
Haymarket,orange,2017,512.9663164792623,526,194
Haymarket,orange,2018,527.7479053811212,526,194
Haymarket,orange,2019,511.7612351424299,526,194
Haymarket,orange,2020,528.4068158103116,526,194
Haymarket,orange,2021,566.615655622686,526,194
Haymarket,orange,2022,583.0301025713594,526,194
Heath Street,green,2016,600.6558441558442,286,402
Heath Street,green,2017,369.8046983385782,286,402
Heath Street,green,2018,703.8074124061274,286,402
Heath Street,green,2019,706.4321946329928,286,402
Heath Street,green,2020,631.3676907597631,286,402
Heath Street,green,2021,392.13377035366426,286,402
Heath Street,green,2022,443.1538350915282,286,402
Hynes Convention Center,green,2016,300.8985420279841,356,266
Hynes Convention Center,green,2017,304.50626479237195,356,266
Hynes Convention Center,green,2018,322.8340713563757,356,266
Hynes Convention Center,green,2019,293.07570672675985,356,266
Hynes Convention Center,green,2020,332.2482685183176,356,266
Hynes Convention Center,green,2021,354.3219747777779,356,266
Hynes Convention Center,green,2022,343.8722574450993,356,266
JFK/UMass,red,2016,698.59431098075,551,411
JFK/UMass,red,2017,695.2320251023549,551,411
JFK/UMass,red,2018,710.5795680894902,551,411
JFK/UMass,red,2019,720.796416833974,551,411
JFK/UMass,red,2020,726.7884521037698,551,411
JFK/UMass,red,2021,744.5183574852518,551,411
JFK/UMass,red,2022,834.2924399426291,551,411
Jackson Square,orange,2016,508.90756561452486,351,419
Jackson Square,orange,2017,506.7681779082259,351,419
Jackson Square,orange,2018,517.2196248679351,351,419
Jackson Square,orange,2019,517.6235528235184,351,419
Jackson Square,orange,2020,537.0698533621054,351,419
Jackson Square,orange,2021,567.56133316931,351,419
Jackson Square,orange,2022,590.2388531726849,351,419
Kendall/MIT,red,2016,469.6838867240245,426,188
Kendall/MIT,red,2017,456.7645809894714,426,188
Kendall/MIT,red,2018,530.7643280934569,426,188
Kendall/MIT,red,2019,549.7399134452306,426,188
Kendall/MIT,red,2020,546.9013533132126,426,188
Kendall/MIT,red,2021,565.5237167266653,426,188
Kendall/MIT,red,2022,627.19186994078,426,188
Kenmore,green,2016,312.42361514585303,325,266
Kenmore,green,2017,303.6407592472195,325,266
Kenmore,green,2018,319.5952016481951,325,266
Kenmore,green,2019,375.8637033015004,325,266
Kenmore,green,2020,378.6594231361556,325,266
Kenmore,green,2021,422.4005791669245,325,266
Kenmore,green,2022,462.7121736763488,325,266
Kent Street,green,2016,615.275227148472,258,237
Kent Street,green,2017,476.900264023829,258,237
Kent Street,green,2018,529.6384621326453,258,237
Kent Street,green,2019,544.9277144581591,258,237
Kent Street,green,2020,492.6933833750609,258,237
Kent Street,green,2021,496.3051165166219,258,237
Kent Street,green,2022,474.8852623851541,258,237
Lechmere,green,2022,612.5252818234601,494,135
Longwood,green,2016,483.57065620564265,291,295
Longwood,green,2017,373.896757057342,291,295
Longwood,green,2018,386.0332949955579,291,295
Longwood,green,2019,462.9492817956137,291,295
Longwood,green,2020,496.6538823930312,291,295
Longwood,green,2021,528.2221578367594,291,295
Longwood,green,2022,419.5619319478507,291,295
Longwood Medical Area,green,2016,504.0566043997824,340,348
Longwood Medical Area,green,2017,422.10205821193153,340,348
Longwood Medical Area,green,2018,378.7639360171645,340,348
Longwood Medical Area,green,2019,500.1038335214048,340,348
Longwood Medical Area,green,2020,535.1898294789048,340,348
Longwood Medical Area,green,2021,582.4910357695263,340,348
Longwood Medical Area,green,2022,624.2195558030473,340,348
Magoun Square,green,2022,431.641587629497,430,71
Malden Center,orange,2016,509.0817780810919,526,38
Malden Center,orange,2017,511.3412100910746,526,38
Malden Center,orange,2018,527.1207394226444,526,38
Malden Center,orange,2019,516.6759275052156,526,38
Malden Center,orange,2020,537.7611457597911,526,38
Malden Center,orange,2021,548.9565915970525,526,38
Malden Center,orange,2022,590.1520000570493,526,38
Massachusetts Avenue,orange,2016,508.7000585053141,408,362
Massachusetts Avenue,orange,2017,511.4496799765958,408,362
Massachusetts Avenue,orange,2018,521.0643372138265,408,362
Massachusetts Avenue,orange,2019,517.1706316768533,408,362
Massachusetts Avenue,orange,2020,533.2165536618774,408,362
Massachusetts Avenue,orange,2021,566.698658348563,408,362
Massachusetts Avenue,orange,2022,587.213268846657,408,362
Mattapan,red,2018,202.3333333333333,442,554
Mattapan,red,2019,2.0,442,554
Mattapan,red,2020,1008.0777642770352,442,554
Mattapan,red,2021,892.3425537859738,442,554
Mattapan,red,2022,982.2956443240804,442,554
Maverick,blue,2016,438.7986885114303,590,174
Maverick,blue,2017,421.1230151075236,590,174
Maverick,blue,2018,427.8141680893974,590,174
Maverick,blue,2019,420.9450584743863,590,174
Maverick,blue,2020,457.9621045212329,590,174
Maverick,blue,2021,461.0006374469018,590,174
Maverick,blue,2022,492.8601283877323,590,174
Medford/Tufts,green,2022,628.1210575139147,399,40
Milton,red,2017,495.34827820833175,504,554
Milton,red,2018,635.3089984974401,504,554
Milton,red,2019,553.6124018442665,504,554
Milton,red,2020,571.6258135284486,504,554
Milton,red,2021,549.9477199743866,504,554
Milton,red,2022,582.9845553964253,504,554
Mission Park,green,2016,461.1191370688381,313,374
Mission Park,green,2017,469.8065517300704,313,374
Mission Park,green,2018,463.2952258959667,313,374
Mission Park,green,2019,608.0983392998593,313,374
Mission Park,green,2020,422.62192247926345,313,374
Mission Park,green,2021,681.7496059170868,313,374
Mission Park,green,2022,602.7793577652085,313,374
Museum of Fine Arts,green,2016,446.7869705461277,350,338
Museum of Fine Arts,green,2017,531.507742741139,350,338
Museum of Fine Arts,green,2018,462.7258613414178,350,338
Museum of Fine Arts,green,2019,549.8284981812343,350,338
Museum of Fine Arts,green,2020,583.6527864276491,350,338
Museum of Fine Arts,green,2021,476.792218041653,350,338
Museum of Fine Arts,green,2022,586.0470554631638,350,338
Newton Centre,green,2016,374.0960848269372,228,358
Newton Centre,green,2017,436.3287594058978,228,358
Newton Centre,green,2018,449.9581694430517,228,358
Newton Centre,green,2019,535.2980185596427,228,358
Newton Centre,green,2020,757.7289183948642,228,358
Newton Centre,green,2021,527.9095658337831,228,358
Newton Centre,green,2022,519.1975908262403,228,358
Newton Highlands,green,2016,364.9386637898736,217,369
Newton Highlands,green,2017,411.3608010594357,217,369
Newton Highlands,green,2018,445.3759264266903,217,369
Newton Highlands,green,2019,503.6412613677967,217,369
Newton Highlands,green,2020,526.0393216949009,217,369
Newton Highlands,green,2021,528.2635136094541,217,369
Newton Highlands,green,2022,575.8666000399176,217,369
North Quincy,red,2016,683.89562154101,598,493
North Quincy,red,2017,677.2456750491704,598,493
North Quincy,red,2018,677.6262003111037,598,493
North Quincy,red,2019,705.3743900370237,598,493
North Quincy,red,2020,718.7036633123826,598,493
North Quincy,red,2021,746.198740765772,598,493
North Quincy,red,2022,827.157189281099,598,493
North Station,green,2016,470.2241686727075,518,168
North Station,green,2017,448.1980617655094,518,168
North Station,green,2018,512.3015641478248,518,168
North Station,green,2019,545.7078427263149,518,168
North Station,green,2020,614.0742702661913,518,168
North Station,green,2021,875.0822198109164,518,168
North Station,green,2022,627.3779450380753,518,168
North Station,orange,2016,508.07946882860585,526,167
North Station,orange,2017,512.9001841422773,526,167
North Station,orange,2018,527.7234668891952,526,167
North Station,orange,2019,511.783334892009,526,167
North Station,orange,2020,522.3643540758092,526,167
North Station,orange,2021,566.7525398719667,526,167
North Station,orange,2022,580.2941248224685,526,167
Northeastern University,green,2016,595.0641647800683,358,330
Northeastern University,green,2017,373.5266014574508,358,330
Northeastern University,green,2018,515.9879049281548,358,330
Northeastern University,green,2019,591.7238487509079,358,330
Northeastern University,green,2020,588.8573071808703,358,330
Northeastern University,green,2021,481.6845254931706,358,330
Northeastern University,green,2022,687.5865085993493,358,330
Oak Grove,orange,2016,511.7326618509852,526,19
Oak Grove,orange,2017,522.0757884522077,526,19
Oak Grove,orange,2018,873.826072849468,526,19
Oak Grove,orange,2019,763.2231882812952,526,19
Oak Grove,orange,2020,698.1229211957277,526,19
Oak Grove,orange,2021,855.9273040328947,526,19
Oak Grove,orange,2022,852.3479415436625,526,19
Orient Heights,blue,2016,445.22730226203095,641,123
Orient Heights,blue,2017,426.0502871752245,641,123
Orient Heights,blue,2018,430.31649336662,641,123
Orient Heights,blue,2019,420.4426810901936,641,123
Orient Heights,blue,2020,463.74803496511913,641,123
Orient Heights,blue,2021,460.0737673685269,641,123
Orient Heights,blue,2022,489.79556889161336,641,123
Packard's Corner,green,2016,513.9643114584298,239,188
Packard's Corner,green,2017,502.6988840097439,239,188
Packard's Corner,green,2018,395.7608642755277,239,188
Packard's Corner,green,2019,454.85857218414986,239,188
Packard's Corner,green,2020,453.2688933877391,239,188
Packard's Corner,green,2021,415.8205821412619,239,188
Packard's Corner,green,2022,370.497527870901,239,188
Park Street,green,2016,320.8318495461384,475,239
Park Street,green,2017,317.74028599407234,475,239
Park Street,green,2018,344.4813090649372,475,239
Park Street,green,2019,631.5000035260928,475,239
Park Street,green,2020,690.4204802496748,475,239
Park Street,green,2021,372.39105483826194,475,239
Park Street,green,2022,361.2287992521059,475,239
Park Street,red,2016,468.1502783991414,475,239
Park Street,red,2017,462.8885956201536,475,239
Park Street,red,2018,530.2613009750171,475,239
Park Street,red,2019,548.2983619447918,475,239
Park Street,red,2020,545.7774018335163,475,239
Park Street,red,2021,564.0273544746867,475,239
Park Street,red,2022,628.1800755491356,475,239
Porter,red,2016,462.8970990175292,353,114
Porter,red,2017,456.3299477084606,353,114
Porter,red,2018,527.6701063569307,353,114
Porter,red,2019,540.5227447437629,353,114
Porter,red,2020,539.7250637849992,353,114
Porter,red,2021,560.0429585797722,353,114
Porter,red,2022,617.147318728235,353,114
Prudential,green,2016,352.1824474812307,366,298
Prudential,green,2017,409.4440656751659,366,298
Prudential,green,2018,476.3820189100812,366,298
Prudential,green,2019,504.9344032239744,366,298
Prudential,green,2020,456.94827604625584,366,298
Prudential,green,2021,471.33831516262006,366,298
Prudential,green,2022,630.0106876938098,366,298
Quincy Adams,red,2016,684.9664214417236,650,551
Quincy Adams,red,2017,682.4802760323128,650,551
Quincy Adams,red,2018,686.6715158985045,650,551
Quincy Adams,red,2019,708.5413153959058,650,551
Quincy Adams,red,2020,716.4656353663272,650,551
Quincy Adams,red,2021,747.3263096159859,650,551
Quincy Adams,red,2022,827.0688884307331,650,551
Quincy Center,red,2016,680.2295804504183,636,530
Quincy Center,red,2017,678.542066393506,636,530
Quincy Center,red,2018,676.1871903827614,636,530
Quincy Center,red,2019,706.4594237324739,636,530
Quincy Center,red,2020,717.4613544072831,636,530
Quincy Center,red,2021,747.3628832289565,636,530
Quincy Center,red,2022,827.1180135967703,636,530
Reservoir,green,2016,494.5363188983624,250,337
Reservoir,green,2017,433.780613005972,250,337
Reservoir,green,2018,507.498453795384,250,337
Reservoir,green,2019,517.1440816151883,250,337
Reservoir,green,2020,381.8152264113052,250,337
Reservoir,green,2021,392.4608443281506,250,337
Reservoir,green,2022,457.3539177133515,250,337
Revere Beach,blue,2016,447.4091639601135,698,66
Revere Beach,blue,2017,426.293035495509,698,66
Revere Beach,blue,2018,432.2143463051385,698,66
Revere Beach,blue,2019,422.76747401148793,698,66
Revere Beach,blue,2020,465.8962544121765,698,66
Revere Beach,blue,2021,463.8431476149474,698,66
Revere Beach,blue,2022,490.1692177065326,698,66
Riverside,green,2016,772.4493144470675,168,409
Riverside,green,2017,730.667919993798,168,409
Riverside,green,2018,780.1001087738559,168,409
Riverside,green,2019,961.5418454094925,168,409
Riverside,green,2020,1034.5953300602648,168,409
Riverside,green,2021,799.2171102795821,168,409
Riverside,green,2022,585.9694414505801,168,409
Riverway,green,2016,466.2543437820317,304,384
Riverway,green,2017,439.06734680218426,304,384
Riverway,green,2018,554.2998084141152,304,384
Riverway,green,2019,580.2359678478123,304,384
Riverway,green,2020,410.7707023108465,304,384
Riverway,green,2021,782.4925074208313,304,384
Riverway,green,2022,626.7292687640103,304,384
Roxbury Crossing,orange,2016,508.0942749495525,373,398
Roxbury Crossing,orange,2017,505.6690369563112,373,398
Roxbury Crossing,orange,2018,516.2102540896512,373,398
Roxbury Crossing,orange,2019,516.3303386743405,373,398
Roxbury Crossing,orange,2020,536.4777887184025,373,398
Roxbury Crossing,orange,2021,568.5364375086712,373,398
Roxbury Crossing,orange,2022,590.4342368789763,373,398
Ruggles,orange,2016,508.0239725411756,391,380
Ruggles,orange,2017,505.3644015022665,391,380
Ruggles,orange,2018,515.2758437047371,391,380
Ruggles,orange,2019,514.3340360283088,391,380
Ruggles,orange,2020,533.2780797501924,391,380
Ruggles,orange,2021,565.3803246611612,391,380
Ruggles,orange,2022,588.4714485006032,391,380
Saint Mary's Street,green,2016,526.8591031721801,284,256
Saint Mary's Street,green,2017,483.7880046657184,284,256
Saint Mary's Street,green,2018,460.1071819687072,284,256
Saint Mary's Street,green,2019,376.83673663883496,284,256
Saint Mary's Street,green,2020,406.0602457618218,284,256
Saint Mary's Street,green,2021,290.2636046921328,284,256
Saint Mary's Street,green,2022,402.4812511142894,284,256
Saint Paul Street,green,2016,493.5728083585879,240,248
Saint Paul Street,green,2017,459.6742938689188,240,248
Saint Paul Street,green,2018,583.4383802561647,240,248
Saint Paul Street,green,2019,509.0471707256353,240,248
Saint Paul Street,green,2020,555.8060984102516,240,248
Saint Paul Street,green,2021,497.47636125840125,240,248
Saint Paul Street,green,2022,598.9478830188083,240,248
Savin Hill,red,2016,710.0202778890814,524,479
Savin Hill,red,2017,706.35014822064,524,479
Savin Hill,red,2018,721.7236433347402,524,479
Savin Hill,red,2019,728.7077312843087,524,479
Savin Hill,red,2020,736.35570323448,524,479
Savin Hill,red,2021,752.6794114703537,524,479
Savin Hill,red,2022,839.7146698946506,524,479
Science Park/West End,green,2016,615.6199544987525,509,149
Science Park/West End,green,2017,583.1241475425719,509,149
Science Park/West End,green,2018,607.9685717486362,509,149
Science Park/West End,green,2019,601.2388344754553,509,149
Science Park/West End,green,2020,681.0159255056257,509,149
Science Park/West End,green,2022,655.8764558128412,509,149
Shawmut,red,2016,711.4882930761684,524,505
Shawmut,red,2017,706.129610613503,524,505
Shawmut,red,2018,724.5038612241964,524,505
Shawmut,red,2019,752.6313243380698,524,505
Shawmut,red,2020,740.6007341905487,524,505
Shawmut,red,2021,751.7415451335157,524,505
Shawmut,red,2022,839.8136779897984,524,505
South Station,red,2016,467.8043848373841,533,297
South Station,red,2017,461.0444825455743,533,297
South Station,red,2018,531.0977759415822,533,297
South Station,red,2019,547.838608644489,533,297
South Station,red,2020,545.691010075094,533,297
South Station,red,2021,564.0318643312505,533,297
South Station,red,2022,629.8484656414099,533,297
South Street,green,2016,555.047252236702,133,258
South Street,green,2017,584.0475429291932,133,258
South Street,green,2018,643.0492754707539,133,258
South Street,green,2019,434.9764008478647,133,258
South Street,green,2020,481.1748038984316,133,258
South Street,green,2021,545.7301780193568,133,258
South Street,green,2022,543.2193290404301,133,258
State,blue,2016,440.4678530902991,526,233
State,blue,2017,421.7908160972757,526,233
State,blue,2018,429.7530619541425,526,233
State,blue,2019,422.1756109989362,526,233
State,blue,2020,459.396485766921,526,233
State,blue,2021,462.2946178471996,526,233
State,blue,2022,494.63987434120537,526,233
State,orange,2016,511.1457681269191,526,233
State,orange,2017,513.288396324617,526,233
State,orange,2018,527.8396472879683,526,233
State,orange,2019,511.9547641643207,526,233
State,orange,2020,528.6802065164458,526,233
State,orange,2021,566.7732822969236,526,233
State,orange,2022,580.3887900945552,526,233
Stony Brook,orange,2016,509.73976289751033,328,442
Stony Brook,orange,2017,507.2740976889279,328,442
Stony Brook,orange,2018,517.7987881053217,328,442
Stony Brook,orange,2019,518.3757381895934,328,442
Stony Brook,orange,2020,536.9732962800572,328,442
Stony Brook,orange,2021,567.6654761556557,328,442
Stony Brook,orange,2022,590.1495511563298,328,442
Suffolk Downs,blue,2016,445.9302058059012,660,104
Suffolk Downs,blue,2017,426.8657985672477,660,104
Suffolk Downs,blue,2018,431.5987962880735,660,104
Suffolk Downs,blue,2019,423.86298642665895,660,104
Suffolk Downs,blue,2020,466.8086020233699,660,104
Suffolk Downs,blue,2021,464.5763318847609,660,104
Suffolk Downs,blue,2022,490.8451966556845,660,104
Sullivan Square,orange,2016,502.7045049318911,526,94
Sullivan Square,orange,2017,504.1225183826753,526,94
Sullivan Square,orange,2018,520.1248606263026,526,94
Sullivan Square,orange,2019,516.1678535397011,526,94
Sullivan Square,orange,2020,529.6928908021581,526,94
Sullivan Square,orange,2021,546.7170201059748,526,94
Sullivan Square,orange,2022,584.4356011190673,526,94
Summit Avenue,green,2016,683.6955296691821,221,266
Summit Avenue,green,2017,704.9557201579223,221,266
Summit Avenue,green,2018,543.0079201738525,221,266
Summit Avenue,green,2019,653.0694602679183,221,266
Summit Avenue,green,2020,655.012404263989,221,266
Summit Avenue,green,2021,556.8513820238877,221,266
Summit Avenue,green,2022,553.3050969822001,221,266
Sutherland Road,green,2016,559.154523582891,163,228
Sutherland Road,green,2017,506.5623634627884,163,228
Sutherland Road,green,2018,491.28090924963465,163,228
Sutherland Road,green,2019,510.0207225370775,163,228
Sutherland Road,green,2020,490.71227880834863,163,228
Sutherland Road,green,2021,558.953103050279,163,228
Sutherland Road,green,2022,552.166386818356,163,228
Symphony,green,2016,428.9765319090896,366,320
Symphony,green,2017,507.12337833481246,366,320
Symphony,green,2018,414.01364046920935,366,320
Symphony,green,2019,466.42408094134026,366,320
Symphony,green,2020,565.3975603629489,366,320
Symphony,green,2021,519.9329354935741,366,320
Symphony,green,2022,641.3759216620418,366,320
Tappan Street,green,2016,548.1651320008403,179,310
Tappan Street,green,2017,470.82659346006267,179,310
Tappan Street,green,2018,540.6049048888129,179,310
Tappan Street,green,2019,632.3474097534045,179,310
Tappan Street,green,2020,569.2893333832253,179,310
Tappan Street,green,2021,489.48650553649975,179,310
Tappan Street,green,2022,440.9079356367756,179,310
Tufts Medical Center,orange,2016,512.1044183558471,444,327
Tufts Medical Center,orange,2017,512.2172754185942,444,327
Tufts Medical Center,orange,2018,527.8796486593947,444,327
Tufts Medical Center,orange,2019,516.7685602282772,444,327
Tufts Medical Center,orange,2020,530.9629667550457,444,327
Tufts Medical Center,orange,2021,566.4489107199709,444,327
Tufts Medical Center,orange,2022,581.1891283832279,444,327
Valley Road,red,2017,477.7914720250326,473,554
Valley Road,red,2018,650.2710729680861,473,554
Valley Road,red,2019,551.8271672162613,473,554
Valley Road,red,2020,571.171338029974,473,554
Valley Road,red,2021,550.2437182954043,473,554
Valley Road,red,2022,583.3848904971244,473,554
Waban,green,2016,419.3580758695315,196,390
Waban,green,2017,468.0478675612958,196,390
Waban,green,2018,464.2101182824412,196,390
Waban,green,2019,503.6486781880311,196,390
Waban,green,2020,531.3965951562742,196,390
Waban,green,2021,524.7051443760288,196,390
Waban,green,2022,574.8625210567302,196,390
Warren Street,green,2016,404.4257102527928,182,208
Warren Street,green,2017,443.1420971582684,182,208
Warren Street,green,2018,452.1599610505216,182,208
Warren Street,green,2019,553.422906546689,182,208
Warren Street,green,2020,434.21182458839024,182,208
Warren Street,green,2021,642.5218703863844,182,208
Warren Street,green,2022,553.8414088806203,182,208
Washington Square,green,2016,830.454295940506,190,300
Washington Square,green,2017,460.5219410597144,190,300
Washington Square,green,2018,332.5360725040008,190,300
Washington Square,green,2019,597.889781500459,190,300
Washington Square,green,2020,569.5400054690984,190,300
Washington Square,green,2021,556.6166235047231,190,300
Washington Square,green,2022,473.5153353012829,190,300
Washington Street,green,2016,342.4389135179285,174,218
Washington Street,green,2017,525.2775504540876,174,218
Washington Street,green,2018,528.286426522497,174,218
Washington Street,green,2019,601.0763778885643,174,218
Washington Street,green,2020,490.6104824531965,174,218
Washington Street,green,2021,445.4608421751415,174,218
Washington Street,green,2022,551.2983571640607,174,218
Wellington,orange,2016,507.1668856328685,526,57
Wellington,orange,2017,509.1313855531638,526,57
Wellington,orange,2018,525.0653970057381,526,57
Wellington,orange,2019,523.307521415255,526,57
Wellington,orange,2020,537.4073184362808,526,57
Wellington,orange,2021,549.005453736854,526,57
Wellington,orange,2022,591.0920950146781,526,57
Wollaston,red,2016,681.5774221328585,617,513
Wollaston,red,2017,677.2301752046328,617,513
Wollaston,red,2018,760.062425617841,617,513
Wollaston,red,2019,681.2869545230772,617,513
Wollaston,red,2020,718.6755887627127,617,513
Wollaston,red,2021,746.7065816065249,617,513
Wollaston,red,2022,826.5446829051593,617,513
Wonderland,blue,2016,448.8358321852122,718,45
Wonderland,blue,2017,429.3378617838157,718,45
Wonderland,blue,2018,565.4716169531488,718,45
Wonderland,blue,2019,418.10571235620137,718,45
Wonderland,blue,2020,574.485202203131,718,45
Wonderland,blue,2021,603.1452614776,718,45
Wonderland,blue,2022,579.7607079181961,718,45
Wood Island,blue,2016,441.27208421055707,623,141
Wood Island,blue,2017,423.0093749141335,623,141
Wood Island,blue,2018,427.4799992370997,623,141
Wood Island,blue,2019,419.773290239327,623,141
Wood Island,blue,2020,464.1557762411205,623,141
Wood Island,blue,2021,460.6350679524813,623,141
Wood Island,blue,2022,493.6059782191672,623,141
Woodland,green,2016,400.2988860879008,185,400
Woodland,green,2017,414.3748365509165,185,400
Woodland,green,2018,486.855690571134,185,400
Woodland,green,2019,551.334526602516,185,400
Woodland,green,2020,532.512537484507,185,400
Woodland,green,2021,526.2685371530912,185,400
Woodland,green,2022,591.5430915203499,185,400
