Unnamed: 0,stop_id,direction_id,branch_route_id,headway_trunk_seconds,headway_branch_seconds,stop_name
0,70063,0,Red-A,549.9486166007905,1091.655138339921,Davis
1,70063,0,Red-B,531.918105574741,1086.3604010025065,Davis
2,70064,1,Red-A,546.4863793957404,1113.754707631318,Davis
3,70064,1,Red-B,563.9634928465713,1088.9333333333334,Davis
4,70065,0,Red-A,549.573543928924,1091.2675222112537,Porter
5,70065,0,Red-B,530.5191552062869,1081.3627744510975,Porter
6,70066,1,Red-A,541.5232443125618,1114.7947576656777,Porter
7,70066,1,Red-B,567.3722879684418,1087.6673346693387,Porter
8,70067,0,Red-A,553.0764299802761,1090.5290927021697,Harvard
9,70067,0,Red-B,533.0756756756757,1082.282076884673,Harvard
10,70067,1,Red-A,,,Harvard
11,70068,1,Red-A,531.7662721893491,1110.4023668639054,Harvard
12,70068,1,Red-B,570.4527655408713,1079.4873197414222,Harvard
13,70069,0,Red-A,550.9269759450171,1110.1383161512028,Central
14,70069,0,Red-B,553.5117471166168,1096.494572297004,Central
15,70070,1,Red-A,530.6290737564323,1124.095238095238,Central
16,70070,1,Red-B,591.8045337895637,1096.743043478261,Central
17,70071,0,Red-A,555.2643776824034,1109.0321888412018,Kendall/MIT
18,70071,0,Red-B,550.0098416773642,1097.8729882557634,Kendall/MIT
19,70072,1,Red-A,521.4729613733906,1121.2945470158866,Kendall/MIT
20,70072,1,Red-B,596.4300385109115,1097.251848629839,Kendall/MIT
21,70073,0,Red-A,551.8492915414341,1109.7093173035637,Charles/MGH
22,70073,0,Red-B,554.5524176294394,1097.9121357111787,Charles/MGH
23,70074,1,Red-A,514.3559467582653,1119.8243881494204,Charles/MGH
24,70074,1,Red-B,602.3281985451433,1097.6824706394084,Charles/MGH
25,70075,0,Red-A,562.2142552283398,1116.4995730145174,Park Street
26,70075,0,Red-B,554.3695652173913,1101.6954072790295,Park Street
27,70076,1,Red-A,516.4438731790917,1117.2570694087403,Park Street
28,70076,1,Red-B,598.5448717948718,1097.043874891399,Park Street
29,70077,0,Red-A,561.890290037831,1115.718789407314,Downtown Crossing
30,70077,0,Red-B,551.9815281276238,1097.7662116040956,Downtown Crossing
31,70078,1,Red-A,494.8981833544571,1113.5792141951838,Downtown Crossing
32,70078,1,Red-B,615.3973927670311,1099.2944444444445,Downtown Crossing
33,70079,0,Red-A,561.5392692146157,1114.8467030659388,South Station
34,70079,0,Red-B,551.7395134228188,1096.8299232736572,South Station
35,70080,1,Red-A,488.4359512809744,1101.7144057118858,South Station
36,70080,1,Red-B,611.7024758707512,1096.101492537313,South Station
37,70081,0,Red-A,572.4232715008432,1124.239460370995,Broadway
38,70081,0,Red-B,549.9646613378208,1100.140658401026,Broadway
39,70082,1,Red-A,487.6166174609869,1104.9072121467734,Broadway
40,70082,1,Red-B,614.6446593776283,1099.058547008547,Broadway
41,70083,0,Red-A,567.4081375838927,1120.1954697986578,Andrew
42,70083,0,Red-B,552.104690117253,1095.3085106382978,Andrew
43,70084,1,Red-A,475.1700879765396,1098.4486803519062,Andrew
44,70084,1,Red-B,623.5737636211232,1094.905877342419,Andrew
45,70085,0,Red-A,553.0508757297748,1115.063127090301,JFK/UMass
46,70086,1,Red-A,527.4709083298451,1091.8702385935535,JFK/UMass
47,70087,0,Red-A,1106.404732762138,1108.327213382293,Savin Hill
48,70087,0,Red-B,4712.0,,Savin Hill
49,70088,1,Red-A,1086.5561432058585,1086.5561432058585,Savin Hill
50,70089,0,Red-A,1105.0677274581803,1106.9865361077111,Fields Corner
51,70089,0,Red-B,4703.0,,Fields Corner
52,70090,1,Red-A,1087.442589576547,1087.442589576547,Fields Corner
53,70091,0,Red-A,1105.5836734693878,1107.4991836734694,Shawmut
54,70091,0,Red-B,4693.0,,Shawmut
55,70092,1,Red-A,1088.9934773746434,1088.9934773746434,Shawmut
56,70095,0,Red-B,576.5867098865479,1069.5392197125257,JFK/UMass
57,70096,1,Red-B,565.3577405857741,1093.154761904762,JFK/UMass
58,70097,0,Red-B,1102.201868399675,1102.201868399675,North Quincy
59,70098,1,Red-B,1092.347625052543,1092.347625052543,North Quincy
60,70099,0,Red-B,1092.2624754420433,1092.2624754420433,Wollaston
61,70100,1,Red-B,1088.860620337652,1088.860620337652,Wollaston
62,70101,0,Red-B,1091.503937007874,1091.503937007874,Quincy Center
63,70102,1,Red-B,1089.8255402750492,1089.8255402750492,Quincy Center
64,70103,0,Red-B,1094.0051261829651,1094.0051261829651,Quincy Adams
65,70104,1,Red-B,1094.6380126182964,1094.6380126182964,Quincy Adams
66,70107,0,Green-D,,,Boston College
67,70110,1,Green-B,589.7203565505804,589.699481865285,South Street
68,70111,0,Green-B,600.1662220398113,600.2672413793103,South Street
69,70112,1,Green-B,592.7816091954023,592.7816091954023,Chestnut Hill Avenue
70,70113,0,Green-B,599.3945336949719,599.3945336949719,Chestnut Hill Avenue
71,70114,1,Green-B,593.5376726663876,593.5376726663876,Chiswick Road
72,70115,0,Green-B,600.6881002087682,600.5903111296722,Chiswick Road
73,70116,1,Green-B,594.0849379546427,594.0849379546427,Sutherland Road
74,70117,0,Green-B,603.6774193548387,603.6774193548387,Sutherland Road
75,70120,1,Green-B,594.5058264997842,594.5058264997842,Washington Street
76,70121,0,Green-B,606.2898936170212,606.2898936170212,Washington Street
77,70124,1,Green-B,595.4346961325967,595.4346961325967,Warren Street
78,70125,0,Green-B,605.8581245843494,605.8581245843494,Warren Street
79,70126,1,Green-B,594.9653191959355,594.9653191959355,Allston Street
80,70127,0,Green-B,606.3856730982479,606.3856730982479,Allston Street
81,70128,1,Green-B,594.1306266548985,594.1306266548985,Griggs Street
82,70129,0,Green-B,606.7239210583388,606.7239210583388,Griggs Street
83,70130,1,Green-B,594.2656048213516,594.2656048213516,Harvard Avenue
84,70131,0,Green-B,606.6771125999568,606.6771125999568,Harvard Avenue
85,70134,1,Green-B,591.7754446110993,591.7754446110993,Packard's Corner
86,70135,0,Green-B,607.367726584469,607.367726584469,Packard's Corner
87,70144,1,Green-B,590.6713269560952,590.6713269560952,Boston University Central
88,70145,0,Green-B,613.1255650426921,613.1255650426921,Boston University Central
89,70146,1,Green-B,591.3239194499017,591.3239194499017,Boston University East
90,70147,0,Green-B,618.1224386541867,618.1224386541867,Boston University East
91,70148,1,Green-B,602.3738434608653,602.3738434608653,Blandford Street
92,70149,0,Green-B,613.1454363089268,613.1454363089268,Blandford Street
93,70150,1,Green-C,214.19351693882524,593.6670743639921,Kenmore
94,70150,1,Green-D,201.7120365667852,619.5266242038217,Kenmore
95,70151,0,Green-B,101.5,472.0,Kenmore
96,70151,0,Green-C,211.60681049069373,602.4499787143466,Kenmore
97,70151,0,Green-D,229.64471403812823,614.0358228397743,Kenmore
98,70152,1,Green-B,205.207896051974,603.3496855345912,Hynes Convention Center
99,70152,1,Green-C,209.16072763518565,603.6395989974937,Hynes Convention Center
100,70152,1,Green-D,200.5302564102564,624.0925257731959,Hynes Convention Center
101,70153,0,Green-B,199.6647148676171,609.9330597589126,Hynes Convention Center
102,70153,0,Green-C,197.29325215626585,612.6815628192032,Hynes Convention Center
103,70153,0,Green-D,221.6988014590933,626.7126797385621,Hynes Convention Center
104,70154,1,Green-B,151.24919700214133,612.388679245283,Copley
105,70154,1,Green-C,152.98587796429524,612.4594160192875,Copley
106,70154,1,Green-D,153.49565689467968,627.8294213973799,Copley
107,70154,1,Green-E,158.62823301909597,559.6159844054581,Copley
108,70155,0,Green-B,146.07315154693237,610.2229568897117,Copley
109,70155,0,Green-C,147.155370177268,611.9910620399579,Copley
110,70155,0,Green-D,178.93865523707473,628.7760064847339,Copley
111,70155,0,Green-E,141.9356243949661,559.5743341404358,Copley
112,70156,1,Green-B,154.17830731306492,636.5746206896551,Arlington
113,70156,1,Green-C,157.2426273458445,626.3775620280475,Arlington
114,70156,1,Green-D,158.60075942500677,638.6346782988004,Arlington
115,70156,1,Green-E,163.4263946915704,577.7578686493184,Arlington
116,70157,0,Green-B,145.94469555969158,611.4501072961374,Arlington
117,70157,0,Green-C,147.3910290237467,611.9103246407664,Arlington
118,70157,0,Green-D,178.1747967479675,629.3717878622198,Arlington
119,70157,0,Green-E,142.73743289409467,558.496826171875,Arlington
120,70158,1,Green-B,156.05334098078578,634.9379151025123,Boylston
121,70158,1,Green-C,161.16345877621373,639.2520231213873,Boylston
122,70158,1,Green-D,161.65763620125037,666.017365269461,Boylston
123,70158,1,Green-E,162.33265254020935,572.0712998712999,Boylston
124,70159,0,Green-B,142.81353179972936,610.4015834015834,Boylston
125,70159,0,Green-C,147.05430107526882,611.1721333694768,Boylston
126,70159,0,Green-D,177.77065487703786,628.7853957636567,Boylston
127,70159,0,Green-E,145.29222720478325,558.6395812562313,Boylston
128,70162,1,Green-D,606.2292452830188,606.2425100259495,Woodland
129,70163,0,Green-D,620.7395459976105,620.7395459976105,Woodland
130,70164,1,Green-D,608.0283822138127,608.0203453986279,Waban
131,70165,0,Green-D,618.4030935083197,618.4030935083197,Waban
132,70166,1,Green-D,609.5489833641404,609.5461893764434,Eliot
133,70167,0,Green-D,618.9716937354989,619.0392202367138,Eliot
134,70168,1,Green-D,610.6236111111111,610.5640906987505,Newton Highlands
135,70169,0,Green-D,619.5980483271376,619.5261324041812,Newton Highlands
136,70170,1,Green-D,609.8664510166359,609.8149688149688,Newton Centre
137,70171,0,Green-D,620.1228518346493,620.1228518346493,Newton Centre
138,70172,1,Green-D,611.0286705202312,611.0867252543941,Chestnut Hill
139,70173,0,Green-D,617.234973916988,617.234973916988,Chestnut Hill
140,70174,1,Green-D,639.3151943462898,639.3151943462898,Reservoir
141,70175,0,Green-D,631.5260619977038,631.4430670339761,Reservoir
142,70176,1,Green-B,322.0,,Beaconsfield
143,70176,1,Green-C,448.0,,Beaconsfield
144,70176,1,Green-D,577.6563829787234,577.8800510421097,Beaconsfield
145,70177,0,Green-D,615.3513152028534,615.3513152028534,Beaconsfield
146,70178,1,Green-C,362.0,,Brookline Hills
147,70178,1,Green-D,552.7995926680244,552.7817589576547,Brookline Hills
148,70179,0,Green-D,616.4266845757779,616.4266845757779,Brookline Hills
149,70180,1,Green-D,538.4576976421637,538.4685023771791,Brookline Village
150,70181,0,Green-D,614.8269703058719,614.8269703058719,Brookline Village
151,70182,1,Green-D,523.0548944337812,522.9961590167082,Longwood
152,70183,0,Green-D,615.5288075033498,615.5288075033498,Longwood
153,70186,1,Green-D,602.5132075471698,602.5132075471698,Fenway
154,70187,0,Green-D,618.5662028725314,618.6629263913824,Fenway
155,70196,0,Green-B,141.9987093443469,602.9591145833333,Park Street
156,70196,0,Green-C,155.3041237113402,687.7603092783505,Park Street
157,70196,0,Green-D,173.09677419354838,543.6774193548387,Park Street
158,70196,0,Green-E,331.3636363636364,641.2727272727273,Park Street
159,70197,0,Green-C,153.5473624503687,597.8694531920985,Park Street
160,70197,0,Green-D,157.66666666666666,354.0,Park Street
161,70197,0,Green-E,140.7027027027027,621.8648648648649,Park Street
162,70198,0,Green-B,149.0,569.5294117647059,Park Street
163,70198,0,Green-C,33.666666666666664,155.33333333333334,Park Street
164,70198,0,Green-D,173.5718459495352,628.2577015804983,Park Street
165,70198,0,Green-E,140.07692307692307,478.0,Park Street
166,70199,0,Green-C,133.66666666666666,471.5185185185185,Park Street
167,70199,0,Green-E,144.76915731678204,559.8218720152818,Park Street
168,70200,1,Green-B,149.8790419161677,685.0431502715751,Park Street
169,70200,1,Green-C,161.41248226950356,669.7304397487151,Park Street
170,70200,1,Green-D,172.37632978723406,630.0195134990644,Park Street
171,70200,1,Green-E,166.3084881260287,560.0139843564825,Park Street
172,70201,1,Green-B,274.8536585365854,17375.714285714286,Government Center
173,70201,1,Green-C,226.06024096385545,9076.385714285714,Government Center
174,70201,1,Green-D,295.6487063216858,638.9428266096714,Government Center
175,70201,1,Green-E,294.0237762237762,555.4710996240601,Government Center
176,70202,0,Green-D,177.26133966244726,633.6365087812667,Government Center
177,70202,0,Green-E,152.09188034188034,565.451674186654,Government Center
178,70203,1,Green-B,288.0,15167.421052631578,Haymarket
179,70203,1,Green-C,246.2840236686391,8408.027972027972,Haymarket
180,70203,1,Green-D,296.66613032984714,642.8001074691026,Haymarket
181,70203,1,Green-E,292.3331783306208,554.1370665417057,Haymarket
182,70204,0,Green-B,216.9591836734694,14255.59090909091,Haymarket
183,70204,0,Green-C,244.29166666666663,7295.066666666667,Haymarket
184,70204,0,Green-D,334.1901294498382,645.1997278911565,Haymarket
185,70204,0,Green-E,267.89282319391634,565.7090563346803,Haymarket
186,70205,1,Green-B,417.04761904761904,5096.0,North Station
187,70205,1,Green-C,365.1212121212121,30276.777777777777,North Station
188,70205,1,Green-D,331.95201484623544,695.4738240765347,North Station
189,70205,1,Green-E,307.6628711766019,583.7965796579658,North Station
190,70206,0,Green-B,219.81034482758625,12700.233333333334,North Station
191,70206,0,Green-C,210.83695652173915,7766.913907284768,North Station
192,70206,0,Green-D,319.9037589976006,636.3960742134982,North Station
193,70206,0,Green-E,273.0968574108818,558.868137024871,North Station
194,70207,1,Green-B,370.8666666666667,5421.0,Science Park/West End
195,70207,1,Green-C,360.61764705882354,27327.3,Science Park/West End
196,70207,1,Green-D,316.4607115433837,674.0538876058506,Science Park/West End
197,70207,1,Green-E,297.1049187249314,554.1622368700829,Science Park/West End
198,70208,0,Green-B,260.3829787234043,6475.5,Science Park/West End
199,70208,0,Green-C,246.1190476190476,15832.692307692309,Science Park/West End
200,70208,0,Green-D,327.2212183789365,680.2444039562728,Science Park/West End
201,70208,0,Green-E,293.4839124839125,562.5249140893471,Science Park/West End
202,70211,0,Green-C,610.1703260146373,610.1703260146373,Saint Mary's Street
203,70212,1,Green-C,597.8310512367491,597.8310512367491,Saint Mary's Street
204,70213,0,Green-C,605.6577151661897,605.6960158485582,Hawes Street
205,70213,0,Green-D,174.0,,Hawes Street
206,70214,1,Green-C,591.2752133012469,591.2752133012469,Hawes Street
207,70215,0,Green-C,612.2857142857143,612.2857142857143,Kent Street
208,70216,1,Green-C,595.798577145398,595.798577145398,Kent Street
209,70217,0,Green-C,605.1645197740113,605.1645197740113,Saint Paul Street
210,70218,1,Green-C,588.828488372093,588.828488372093,Saint Paul Street
211,70219,0,Green-C,602.6566224420958,602.6566224420958,Coolidge Corner
212,70220,1,Green-C,589.8573667711598,589.8573667711598,Coolidge Corner
213,70223,0,Green-C,604.0889840054066,604.0889840054066,Summit Avenue
214,70224,1,Green-C,591.6194431971262,591.6194431971262,Summit Avenue
215,70225,0,Green-C,600.5888462406864,600.5888462406864,Brandon Hall
216,70226,1,Green-C,589.702769646476,589.702769646476,Brandon Hall
217,70227,0,Green-C,599.9968447148974,599.9968447148974,Fairbanks Street
218,70228,1,Green-C,590.1766824217871,590.1766824217871,Fairbanks Street
219,70229,0,Green-C,599.5289610096912,599.5289610096912,Washington Square
220,70230,1,Green-C,589.2808635034855,589.2808635034855,Washington Square
221,70231,0,Green-C,596.5374943870678,596.5374943870678,Tappan Street
222,70232,1,Green-C,589.8565324938161,589.8565324938161,Tappan Street
223,70233,0,Green-C,597.9400269541779,597.9400269541779,Dean Road
224,70234,1,Green-C,590.2324797843665,590.2324797843665,Dean Road
225,70235,0,Green-C,597.8518435251799,597.8518435251799,Englewood Avenue
226,70236,1,Green-C,689.704425271361,689.704425271361,Englewood Avenue
227,70237,0,Green-C,,,Cleveland Circle
228,70237,0,Green-D,,,Cleveland Circle
229,70239,0,Green-E,554.4826461681807,554.4826461681807,Prudential
230,70240,1,Green-E,551.8869990680336,551.8869990680336,Prudential
231,70241,0,Green-E,564.2690391459075,564.2690391459075,Symphony
232,70242,1,Green-E,552.9848201774871,552.9848201774871,Symphony
233,70243,0,Green-E,555.5306996668253,555.5306996668253,Northeastern University
234,70244,1,Green-E,553.3729547641964,553.3729547641964,Northeastern University
235,70245,0,Green-E,553.8687305015599,553.8687305015599,Museum of Fine Arts
236,70246,1,Green-E,551.4822712026833,551.4822712026833,Museum of Fine Arts
237,70247,0,Green-E,555.6838554216868,555.6838554216868,Longwood Medical Area
238,70248,1,Green-E,554.7483731019523,554.7483731019523,Longwood Medical Area
239,70249,0,Green-E,574.2863545816733,574.2863545816733,Brigham Circle
240,70250,1,Green-E,563.6736842105263,563.6736842105263,Brigham Circle
241,70251,0,Green-E,570.5334158415842,570.5334158415842,Fenwood Road
242,70252,1,Green-E,566.2645034414946,566.2645034414946,Fenwood Road
243,70253,0,Green-E,570.0148257968866,570.0148257968866,Mission Park
244,70254,1,Green-E,567.0829844865797,567.0829844865797,Mission Park
245,70255,0,Green-E,568.1740202119793,568.1740202119793,Riverway
246,70256,1,Green-E,566.060427413412,566.060427413412,Riverway
247,70257,0,Green-E,571.4002478314746,571.4002478314746,Back of the Hill
248,70258,1,Green-E,568.9639684106614,568.9639684106614,Back of the Hill
249,70501,1,Green-B,339.2,,Lechmere
250,70501,1,Green-C,355.6666666666667,30394.2,Lechmere
251,70501,1,Green-D,318.89199060787894,641.077365394668,Lechmere
252,70501,1,Green-E,298.0865407602199,583.618313253012,Lechmere
253,70502,0,Green-B,296.8695652173913,14727.818181818182,Lechmere
254,70502,0,Green-C,244.71794871794876,14551.0,Lechmere
255,70502,0,Green-D,325.20982986767484,662.6112169888374,Lechmere
256,70502,0,Green-E,278.69755555555554,542.528024911032,Lechmere
257,70503,1,Green-D,,,Union Square
258,70503,1,Green-E,13746.5,21164.0,Union Square
259,70505,1,Green-B,517.8888888888889,,Gilman Square
260,70505,1,Green-C,380.0357142857143,3665.0,Gilman Square
261,70505,1,Green-D,471.4782608695652,21238.25,Gilman Square
262,70505,1,Green-E,537.8754740834387,543.3845343447114,Gilman Square
263,70506,0,Green-B,372.44444444444446,10206.0,Gilman Square
264,70506,0,Green-C,336.0,28083.5,Gilman Square
265,70506,0,Green-D,287.4482758620689,21607.88888888889,Gilman Square
266,70506,0,Green-E,530.5250208507089,534.9937447873227,Gilman Square
267,70507,1,Green-B,515.1111111111111,,Magoun Square
268,70507,1,Green-C,388.82142857142856,3725.0,Magoun Square
269,70507,1,Green-D,501.3043478260869,21263.25,Magoun Square
270,70507,1,Green-E,535.2672395724167,541.0171907756813,Magoun Square
271,70508,0,Green-B,364.8888888888889,10193.0,Magoun Square
272,70508,0,Green-C,338.6896551724138,28086.5,Magoun Square
273,70508,0,Green-D,284.6896551724138,21606.0,Magoun Square
274,70508,0,Green-E,532.722478024278,537.193386354123,Magoun Square
275,70509,1,Green-B,512.0,,Ball Square
276,70509,1,Green-C,397.4642857142857,3731.0,Ball Square
277,70509,1,Green-D,521.4782608695652,21252.5,Ball Square
278,70509,1,Green-E,534.4796986186689,540.247593135203,Ball Square
279,70510,0,Green-B,357.77777777777777,10169.0,Ball Square
280,70510,0,Green-C,324.2068965517241,28092.0,Ball Square
281,70510,0,Green-D,275.4482758620689,21613.555555555555,Ball Square
282,70510,0,Green-E,533.7262253875157,538.0433598659405,Ball Square
283,70512,0,Green-B,394.5,,Medford/Tufts
284,70512,0,Green-C,362.36,11393.0,Medford/Tufts
285,70512,0,Green-D,412.5,24730.2,Medford/Tufts
286,70513,1,Green-B,502.1111111111111,,East Somerville
287,70513,1,Green-C,372.25,3652.0,East Somerville
288,70513,1,Green-D,429.1304347826087,26409.0,East Somerville
289,70513,1,Green-E,540.4113415150233,545.9113227513227,East Somerville
290,70514,0,Green-B,415.875,10188.0,East Somerville
291,70514,0,Green-C,357.5925925925926,28078.0,East Somerville
292,70514,0,Green-D,332.93333333333334,23752.090909090908,East Somerville
293,70514,0,Green-E,544.3846153846154,549.3029134532991,East Somerville
294,71150,1,Green-B,198.1982367085226,607.4094445935068,Kenmore
295,71150,1,Green-D,288.5,593.5,Kenmore
296,71151,0,Green-B,194.32441646997117,608.2959830866807,Kenmore
297,71151,0,Green-C,361.0,497.0,Kenmore
298,71151,0,Green-D,,,Kenmore
299,71199,1,Green-B,265.54545454545456,2236.7272727272725,Park Street
300,71199,1,Green-C,251.25,928.875,Park Street
301,71199,1,Green-D,86.0,1429.0,Park Street
302,71199,1,Green-E,280.5,445.0,Park Street
303,170136,1,Green-B,585.6482865240918,585.6482865240918,Babcock Street
304,170137,0,Green-B,603.2708333333334,603.2708333333334,Babcock Street
305,170140,1,Green-B,584.6951376382815,584.6951376382815,Amory Street
306,170141,0,Green-B,602.8571801566579,602.7723831897677,Amory Street
307,170136,1,Green-B,570.1075471698114,570.1639048400328,Babcock Street
308,170136,1,Green-E,705.0,,Babcock Street
309,170137,0,Green-B,610.7854738477473,610.826334642441,Babcock Street
310,170137,0,Green-D,440.0,,Babcock Street
311,170140,1,Green-B,566.1406160399771,566.1406160399771,Amory Street
312,170141,0,Green-B,580.9548918896529,580.9799933725458,Amory Street
313,170141,0,Green-C,606.0,,Amory Street
314,70063,0,Red-A,496.570774263904,878.553349334497,Davis
315,70063,0,Red-B,499.0211766960521,1010.775530052519,Davis
316,70064,1,Red-A,495.2443132108487,896.964989059081,Davis
317,70064,1,Red-B,530.8468848996832,1009.336580613736,Davis
318,70065,0,Red-A,497.0073374500545,878.1973693772255,Porter
319,70065,0,Red-B,497.9400956937799,1009.7203768453768,Porter
320,70066,1,Red-A,492.5419458199825,895.5818155325659,Porter
321,70066,1,Red-B,532.2795740189964,1010.6195482866044,Porter
322,70067,0,Red-A,502.91692664877024,882.0585758873485,Harvard
323,70067,0,Red-B,499.2243142502151,1009.94287099903,Harvard
324,70067,1,Red-A,,,Harvard
325,70067,1,Red-B,,,Harvard
326,70068,1,Red-A,490.20913182346106,894.9246968266648,Harvard
327,70068,1,Red-B,532.7888103876265,1005.2321255570624,Harvard
328,70069,0,Red-A,503.4953687336492,890.500990239072,Central
329,70069,0,Red-B,502.5273498754728,1016.4582475191912,Central
330,70070,1,Red-A,490.41996033432497,902.9409013605442,Central
331,70070,1,Red-B,542.6975194372454,1017.2490842490844,Central
332,70071,0,Red-A,515.2647243326131,909.9133254305837,Kendall/MIT
333,70071,0,Red-B,517.7902509739965,1045.0832643297451,Kendall/MIT
334,70072,1,Red-A,482.2998718496369,898.457297528314,Kendall/MIT
335,70072,1,Red-B,544.8190272482097,1009.278852505426,Kendall/MIT
336,70073,0,Red-A,511.9038725624828,903.1350645781808,Charles/MGH
337,70073,0,Red-B,505.72573052668974,1027.928867652362,Charles/MGH
338,70074,1,Red-A,482.3073134022029,909.1123733917328,Charles/MGH
339,70074,1,Red-B,552.0667725147746,1017.5089541547278,Charles/MGH
340,70075,0,Red-A,517.2846055206857,915.2508776667568,Park Street
341,70075,0,Red-B,510.6479361775928,1029.9757020864513,Park Street
342,70076,1,Red-A,479.2804352289058,909.1271047227926,Park Street
343,70076,1,Red-B,556.3357136559993,1017.1739908708494,Park Street
344,70077,0,Red-A,521.4090453604115,916.8109047173592,Downtown Crossing
345,70077,0,Red-B,506.01328533470473,1026.0007830172265,Downtown Crossing
346,70078,1,Red-A,470.56811166286406,913.5618203785745,Downtown Crossing
347,70078,1,Red-B,567.7195562435501,1025.0198132146286,Downtown Crossing
348,70079,0,Red-A,522.1226616782469,917.0700968927498,South Station
349,70079,0,Red-B,505.2534909620492,1025.186260869565,South Station
350,70080,1,Red-A,458.0509243809651,902.927899058682,South Station
351,70080,1,Red-B,569.7890504704876,1018.7687299244726,South Station
352,70081,0,Red-A,528.1365062412389,921.6514655805568,Broadway
353,70081,0,Red-B,504.3418371714751,1024.4350508297855,Broadway
354,70082,1,Red-A,454.7638425617078,901.638553412958,Broadway
355,70082,1,Red-B,572.1551473729176,1017.7914679615018,Broadway
356,70083,0,Red-A,534.0043046357616,926.8668433256043,Andrew
357,70083,0,Red-B,508.6261016949152,1028.025023647777,Andrew
358,70084,1,Red-A,447.7579760882489,903.3661469344607,Andrew
359,70084,1,Red-B,582.9376320459731,1019.7584905660376,Andrew
360,70085,0,Red-A,526.663590391909,941.7623148030898,JFK/UMass
361,70086,1,Red-A,487.6322742585376,902.1940130839886,JFK/UMass
362,70087,0,Red-A,922.754280772557,922.754280772557,Savin Hill
363,70088,1,Red-A,898.9582737243682,898.9582737243682,Savin Hill
364,70089,0,Red-A,920.6724784943132,920.6724784943132,Fields Corner
365,70090,1,Red-A,899.0552034113173,899.0552034113173,Fields Corner
366,70091,0,Red-A,923.5029867192484,923.5029867192484,Shawmut
367,70092,1,Red-A,900.0409892770667,900.0409892770667,Shawmut
368,70094,0,Red-A,,,Ashmont
369,70095,0,Red-B,539.5769974226804,997.2104362005708,JFK/UMass
370,70096,1,Red-B,531.5242718446602,1019.4336245289484,JFK/UMass
371,70097,0,Red-B,1023.5582403055228,1023.5582403055228,North Quincy
372,70097,1,Red-B,1160.0,1160.0,North Quincy
373,70098,1,Red-B,1018.3161827864628,1018.3161827864628,North Quincy
374,70099,0,Red-B,1014.5543502162282,1014.5543502162282,Wollaston
375,70100,1,Red-B,1009.9510515131532,1009.9510515131532,Wollaston
376,70101,0,Red-B,1015.7280457410936,1015.7280457410936,Quincy Center
377,70102,1,Red-B,1009.9367032967032,1009.9367032967032,Quincy Center
378,70103,0,Red-B,1016.082012910798,1016.082012910798,Quincy Adams
379,70104,0,Red-B,,,Quincy Adams
380,70104,1,Red-B,1011.6793159130946,1011.6793159130946,Quincy Adams
381,70106,1,Green-D,473.0,,Boston College
382,70107,0,Green-E,,,Boston College
383,70110,1,Green-B,567.4451449726917,567.4697214076247,South Street
384,70110,1,Green-E,515.0,,South Street
385,70111,0,Green-B,577.3563318460479,577.3314590437495,South Street
386,70112,1,Green-B,575.219610177057,575.2365719386996,Chestnut Hill Avenue
387,70112,1,Green-D,357.0,,Chestnut Hill Avenue
388,70113,0,Green-B,582.9716330562493,583.019829289202,Chestnut Hill Avenue
389,70113,0,Green-D,115.0,,Chestnut Hill Avenue
390,70114,1,Green-B,576.766761130584,576.766761130584,Chiswick Road
391,70115,0,Green-B,582.4341801385681,582.4341801385681,Chiswick Road
392,70116,1,Green-B,575.012630565227,575.044223860143,Sutherland Road
393,70116,1,Green-C,382.0,,Sutherland Road
394,70116,1,Green-D,35.0,,Sutherland Road
395,70116,1,Green-E,386.0,,Sutherland Road
396,70117,0,Green-B,582.8232633998073,582.87340599051,Sutherland Road
397,70117,0,Green-C,1027.0,,Sutherland Road
398,70117,0,Green-D,557.0,,Sutherland Road
399,70120,1,Green-B,574.2734395210466,574.2547120999335,Washington Street
400,70121,0,Green-B,582.7157191869259,582.7292780995241,Washington Street
401,70124,1,Green-B,573.6440690442015,573.6393346091564,Warren Street
402,70125,0,Green-B,584.1111644569191,584.1111644569191,Warren Street
403,70126,1,Green-B,573.7007987044058,573.6988847583643,Allston Street
404,70126,1,Green-E,639.0,,Allston Street
405,70127,0,Green-B,585.1388067425698,585.1663093301789,Allston Street
406,70128,1,Green-B,574.092004421518,574.1127077115802,Griggs Street
407,70129,0,Green-B,584.9423953738369,584.9246737841044,Griggs Street
408,70130,1,Green-B,572.7808770827945,572.7819773886056,Harvard Avenue
409,70131,0,Green-B,585.0584856009784,585.0946521884149,Harvard Avenue
410,70134,1,Green-B,571.0453188902399,571.0636651683737,Packard's Corner
411,70135,0,Green-B,585.2809755012787,585.2862913686395,Packard's Corner
412,70144,1,Green-B,565.2114892211117,565.2103002519308,Boston University Central
413,70145,0,Green-B,584.9734062697244,584.9830408618441,Boston University Central
414,70146,1,Green-B,565.7118468915344,565.7118468915344,Boston University East
415,70147,0,Green-B,590.1478290395145,590.1478290395145,Boston University East
416,70148,1,Green-B,580.1204072974119,580.1204072974119,Blandford Street
417,70149,0,Green-B,588.629772284771,588.6519089139084,Blandford Street
418,70149,0,Green-D,523.0,,Blandford Street
419,70150,1,Green-B,55.5,192.5,Kenmore
420,70150,1,Green-C,210.54325273648095,564.6029967159277,Kenmore
421,70150,1,Green-D,192.844430806996,609.0308057914888,Kenmore
422,70151,0,Green-B,262.9375,677.6875,Kenmore
423,70151,0,Green-C,200.6726018250612,570.9808997985525,Kenmore
424,70151,0,Green-D,224.410596285435,600.6694911929701,Kenmore
425,70152,1,Green-B,194.9936465474001,577.6854159649714,Hynes Convention Center
426,70152,1,Green-C,204.6119099069149,575.407402765593,Hynes Convention Center
427,70152,1,Green-D,194.30495798689012,614.2576212777237,Hynes Convention Center
428,70152,1,Green-E,24.0,,Hynes Convention Center
429,70153,0,Green-B,186.12565336430765,584.4832615873281,Hynes Convention Center
430,70153,0,Green-C,189.18741361086268,576.7075614444035,Hynes Convention Center
431,70153,0,Green-D,219.67256867595364,614.3826461752798,Hynes Convention Center
432,70153,0,Green-E,306.5,,Hynes Convention Center
433,70154,1,Green-B,142.2890981376857,581.008389544688,Copley
434,70154,1,Green-C,149.15419994146424,581.7294013788464,Copley
435,70154,1,Green-D,147.20847263769136,619.0349109549693,Copley
436,70154,1,Green-E,179.6957849725107,518.9408227415607,Copley
437,70155,0,Green-B,136.14308215203516,584.4364525431521,Copley
438,70155,0,Green-C,137.19097377515754,577.2986885245901,Copley
439,70155,0,Green-D,173.95240963855423,612.4118821334027,Copley
440,70155,0,Green-E,169.8077407067306,518.7896992788135,Copley
441,70156,1,Green-B,151.00089806915133,624.1731378405285,Arlington
442,70156,1,Green-C,157.9177666314678,613.0211052608291,Arlington
443,70156,1,Green-D,157.90065677674184,648.8926626672819,Arlington
444,70156,1,Green-E,188.9592922899885,551.066531454855,Arlington
445,70157,0,Green-B,135.2214635350253,583.6165235784497,Arlington
446,70157,0,Green-C,138.00109055658777,577.7452976142008,Arlington
447,70157,0,Green-D,171.9973059653624,612.6677736565168,Arlington
448,70157,0,Green-E,170.61257196727382,516.8294884316168,Arlington
449,70158,1,Green-B,150.53709404674154,607.501048584411,Boylston
450,70158,1,Green-C,154.98817802503478,610.3880655737705,Boylston
451,70158,1,Green-D,156.95235283430233,645.5967234061973,Boylston
452,70158,1,Green-E,184.6977275925144,542.4772042934571,Boylston
453,70159,0,Green-B,135.7742701551816,583.2079514490958,Boylston
454,70159,0,Green-C,137.95962970416582,577.3147111327492,Boylston
455,70159,0,Green-D,170.48901286091476,611.5072588265613,Boylston
456,70159,0,Green-E,170.47302514519757,516.9620537962994,Boylston
457,70161,0,Green-D,,,Riverside
458,70162,1,Green-D,593.8832106354084,593.8934634216075,Woodland
459,70163,0,Green-D,604.77064353381,604.7662601626016,Woodland
460,70164,1,Green-D,594.3103114930183,594.2991801811478,Waban
461,70165,0,Green-D,603.822308361107,603.822308361107,Waban
462,70166,1,Green-D,595.1248336151383,595.1511619540975,Eliot
463,70167,0,Green-D,605.3921162579474,605.3948343504795,Eliot
464,70168,1,Green-D,596.5341621621621,596.560196028972,Newton Highlands
465,70169,0,Green-D,606.9113795110594,606.90902146235,Newton Highlands
466,70170,1,Green-D,596.4740032473389,596.4678862668687,Newton Centre
467,70171,0,Green-D,607.9778820619157,607.9815569297926,Newton Centre
468,70172,1,Green-B,,,Chestnut Hill
469,70172,1,Green-D,596.3628158844765,596.3574961192737,Chestnut Hill
470,70173,0,Green-D,611.8488299703373,611.9358063571115,Chestnut Hill
471,70174,1,Green-C,,,Reservoir
472,70174,1,Green-D,631.8325320204623,631.9097622894069,Reservoir
473,70174,1,Green-E,810.0,,Reservoir
474,70175,0,Green-D,631.1877744133233,631.1950416351249,Reservoir
475,70176,1,Green-C,299.0,,Beaconsfield
476,70176,1,Green-D,576.9178020140074,576.9137949057458,Beaconsfield
477,70177,0,Green-D,603.8007876007081,603.8038804783755,Beaconsfield
478,70178,1,Green-B,273.0,,Brookline Hills
479,70178,1,Green-D,546.9758820582553,547.0091585575271,Brookline Hills
480,70179,0,Green-D,625.3139252409686,625.3362980957605,Brookline Hills
481,70180,1,Green-B,,,Brookline Village
482,70180,1,Green-D,533.0655771905424,533.0301449880046,Brookline Village
483,70180,1,Green-E,667.0,,Brookline Village
484,70181,0,Green-D,602.8367035631869,602.8355173088206,Brookline Village
485,70182,1,Green-C,381.0,,Longwood
486,70182,1,Green-D,516.2750538793103,516.289389500623,Longwood
487,70182,1,Green-E,,,Longwood
488,70183,0,Green-D,605.6904939678548,605.786300939207,Longwood
489,70186,1,Green-C,699.75,,Fenway
490,70186,1,Green-D,588.3835658914728,588.5117441860465,Fenway
491,70186,1,Green-E,508.0,,Fenway
492,70187,0,Green-D,609.3269443566235,609.5131994941511,Fenway
493,70196,0,Green-B,137.7766249103716,578.1845787436737,Park Street
494,70196,0,Green-C,154.03718820861678,637.2269406392694,Park Street
495,70196,0,Green-D,149.23611111111111,531.5111731843575,Park Street
496,70196,0,Green-E,158.89247311827958,440.5483870967742,Park Street
497,70197,0,Green-C,141.2361971574344,568.9302742179964,Park Street
498,70197,0,Green-D,284.5,740.0,Park Street
499,70197,0,Green-E,176.54497354497354,668.5132275132275,Park Street
500,70198,0,Green-B,184.09821428571428,636.4954128440367,Park Street
501,70198,0,Green-C,173.0,468.4583333333333,Park Street
502,70198,0,Green-D,167.1568957125791,616.4280614066405,Park Street
503,70198,0,Green-E,186.27272727272728,623.8181818181819,Park Street
504,70199,0,Green-B,25.0,25.0,Park Street
505,70199,0,Green-C,181.11009174311928,525.6146788990826,Park Street
506,70199,0,Green-D,103.4,453.0,Park Street
507,70199,0,Green-E,171.2739177003075,519.2991083771082,Park Street
508,70200,1,Green-B,146.17272415985911,658.1180562407499,Park Street
509,70200,1,Green-C,153.44812382739212,640.6091368162726,Park Street
510,70200,1,Green-D,170.0435669920142,621.4741064265977,Park Street
511,70200,1,Green-E,188.0153471960536,523.4170518038214,Park Street
512,70201,1,Green-B,245.15929203539824,10686.427135678392,Government Center
513,70201,1,Green-C,242.2902255639098,11922.7216890595,Government Center
514,70201,1,Green-D,288.13649706457926,626.8155080213904,Government Center
515,70201,1,Green-E,278.355736199449,520.2073642747046,Government Center
516,70202,0,Green-D,174.32994032994034,620.7429519805266,Government Center
517,70202,0,Green-E,175.3633927651242,522.5880068728522,Government Center
518,70203,1,Green-B,266.7154929577465,10703.014354066983,Haymarket
519,70203,1,Green-C,256.37874659400546,11337.882453151618,Haymarket
520,70203,1,Green-D,286.13987515406944,614.6099756981794,Haymarket
521,70203,1,Green-E,273.4269021647361,517.3552698704214,Haymarket
522,70204,0,Green-B,251.28969359331475,12134.532110091744,Haymarket
523,70204,0,Green-C,234.2785388127854,11353.439238653002,Haymarket
524,70204,0,Green-D,317.2780306660278,614.6362245308851,Haymarket
525,70204,0,Green-E,253.40261315588828,527.4700478402551,Haymarket
526,70205,1,Green-B,383.4285714285714,16762.18181818182,North Station
527,70205,1,Green-C,314.39444444444445,21876.6,North Station
528,70205,1,Green-D,308.20348096224313,643.3794011976048,North Station
529,70205,1,Green-E,283.67384460817146,537.1519495412844,North Station
530,70206,0,Green-B,203.16497461928932,12254.449392712551,North Station
531,70206,0,Green-C,206.47052845528452,10208.081424936388,North Station
532,70206,0,Green-D,307.9358197727363,607.5653718711326,North Station
533,70206,0,Green-E,258.47344102950234,523.5298568787235,North Station
534,70207,1,Green-B,355.9767441860465,9875.896551724138,Science Park/West End
535,70207,1,Green-C,320.88757396449705,21063.44897959184,Science Park/West End
536,70207,1,Green-D,300.70995909376967,637.2799921151193,Science Park/West End
537,70207,1,Green-E,280.9526060171453,524.531637676403,Science Park/West End
538,70208,0,Green-B,292.4591194968553,15942.962962962964,Science Park/West End
539,70208,0,Green-C,242.0772200772201,20009.7311827957,Science Park/West End
540,70208,0,Green-D,313.20004716239583,634.0910099009901,Science Park/West End
541,70208,0,Green-E,272.9388,532.9305476754664,Science Park/West End
542,70211,0,Green-C,574.4104294021172,574.5427165647831,Saint Mary's Street
543,70211,0,Green-D,709.8,,Saint Mary's Street
544,70212,1,Green-C,563.5259893128059,563.5489705167969,Saint Mary's Street
545,70212,1,Green-D,337.0,,Saint Mary's Street
546,70213,0,Green-C,577.3450058050261,577.3266674156462,Hawes Street
547,70213,0,Green-D,280.0,,Hawes Street
548,70214,1,Green-C,561.4947070225138,561.4937940288494,Hawes Street
549,70215,0,Green-C,576.8507786762503,576.8507786762503,Kent Street
550,70216,1,Green-C,561.6478689745021,561.6605992927601,Kent Street
551,70216,1,Green-D,342.0,,Kent Street
552,70217,0,Green-C,575.7688330047246,575.787210297236,Saint Paul Street
553,70217,0,Green-D,247.0,,Saint Paul Street
554,70218,1,Green-C,560.9136104319479,560.9136104319479,Saint Paul Street
555,70219,0,Green-C,571.1052903606897,571.1143310691081,Coolidge Corner
556,70219,0,Green-D,314.0,,Coolidge Corner
557,70220,1,Green-C,560.2615259379857,560.2615259379857,Coolidge Corner
558,70223,0,Green-C,569.817532228361,569.817532228361,Summit Avenue
559,70224,1,Green-C,561.3083163548805,561.3080456363906,Summit Avenue
560,70225,0,Green-C,570.3345501474927,570.3044472306217,Brandon Hall
561,70226,1,Green-C,561.4851595212509,561.4851595212509,Brandon Hall
562,70227,0,Green-C,569.402298427198,569.4172007366483,Fairbanks Street
563,70228,1,Green-C,561.6706453645699,561.6734504744959,Fairbanks Street
564,70229,0,Green-C,569.4650057126009,569.4666838652613,Washington Square
565,70230,1,Green-C,561.4297569650266,561.4297569650266,Washington Square
566,70231,0,Green-C,567.6207251221393,567.6246923557286,Tappan Street
567,70231,0,Green-D,108.0,,Tappan Street
568,70232,1,Green-C,561.5792165437498,561.6040099321796,Tappan Street
569,70232,1,Green-D,669.0,,Tappan Street
570,70233,0,Green-C,567.0120004403832,567.036955484605,Dean Road
571,70233,0,Green-D,340.0,,Dean Road
572,70234,1,Green-C,562.5182972090262,562.5229187544074,Dean Road
573,70235,0,Green-C,565.9184421870989,565.9184421870989,Englewood Avenue
574,70236,1,Green-C,653.109022556391,653.1434912582662,Englewood Avenue
575,70236,1,Green-D,190.25,,Englewood Avenue
576,70237,0,Green-C,,,Cleveland Circle
577,70237,0,Green-D,10137.0,,Cleveland Circle
578,70238,1,Green-D,74.0,,Cleveland Circle
579,70239,0,Green-E,519.5856417595148,519.6132406555589,Prudential
580,70240,1,Green-E,515.0518169810682,515.0579808311037,Prudential
581,70241,0,Green-E,527.3380842010586,527.3380842010586,Symphony
582,70242,1,Green-D,686.0,,Symphony
583,70242,1,Green-E,516.260017658245,516.2833129584352,Symphony
584,70243,0,Green-D,,,Northeastern University
585,70243,0,Green-E,521.2139035610836,521.2318781310704,Northeastern University
586,70244,1,Green-B,495.0,,Northeastern University
587,70244,1,Green-C,759.0,,Northeastern University
588,70244,1,Green-E,514.7001178649605,514.7470703125,Northeastern University
589,70245,0,Green-E,517.5268511947007,517.5335766670046,Museum of Fine Arts
590,70246,1,Green-D,545.0,,Museum of Fine Arts
591,70246,1,Green-E,513.3422271445831,513.3789643252676,Museum of Fine Arts
592,70247,0,Green-E,517.595194647202,517.5905112695569,Longwood Medical Area
593,70248,1,Green-E,516.2379264958996,516.2379264958996,Longwood Medical Area
594,70249,0,Green-C,163.0,,Brigham Circle
595,70249,0,Green-E,539.3044519582982,539.3101930121161,Brigham Circle
596,70250,1,Green-E,526.7364869517318,526.7364869517318,Brigham Circle
597,70251,0,Green-E,536.8008623107123,536.8028534370947,Fenwood Road
598,70252,1,Green-E,532.4201210182223,532.4586549829612,Fenwood Road
599,70253,0,Green-E,535.1101520181722,535.0897019254289,Mission Park
600,70254,1,Green-D,440.0,,Mission Park
601,70254,1,Green-E,533.9852249364045,534.0080850322356,Mission Park
602,70255,0,Green-E,535.2652939942669,535.2583633376446,Riverway
603,70256,1,Green-E,536.0135773524163,536.0027640740352,Riverway
604,70257,0,Green-E,537.513323736966,537.5167632087064,Back of the Hill
605,70258,1,Green-C,91.0,,Back of the Hill
606,70258,1,Green-E,537.1610552499737,537.1784963565023,Back of the Hill
607,70501,1,Green-B,387.2027027027027,8215.869565217392,Lechmere
608,70501,1,Green-C,304.93464052287584,19615.06976744186,Lechmere
609,70501,1,Green-D,297.6300705133065,600.4147666818666,Lechmere
610,70501,1,Green-E,280.307483038893,546.2913763949949,Lechmere
611,70502,0,Green-B,259.772972972973,11894.631578947368,Lechmere
612,70502,0,Green-C,216.8768115942029,19451.504587155963,Lechmere
613,70502,0,Green-D,311.91351122079124,630.2329357833806,Lechmere
614,70502,0,Green-E,259.2957367614401,506.863827121829,Lechmere
615,70503,1,Green-B,,,Union Square
616,70503,1,Green-C,14338.0,,Union Square
617,70503,1,Green-D,3345.9444444444443,3256.176470588235,Union Square
618,70503,1,Green-E,16091.35294117647,17629.513513513513,Union Square
619,70505,1,Green-B,503.5,5173.571428571428,Gilman Square
620,70505,1,Green-C,404.6181818181818,23302.7,Gilman Square
621,70505,1,Green-D,356.4397590361445,20654.904761904763,Gilman Square
622,70505,1,Green-E,501.6442691250776,505.9311312671729,Gilman Square
623,70506,0,Green-B,397.1951219512195,6888.0,Gilman Square
624,70506,0,Green-C,309.7173913043478,16500.15625,Gilman Square
625,70506,0,Green-D,305.1655629139073,17095.54761904762,Gilman Square
626,70506,0,Green-E,496.8819318115134,500.4271924419799,Gilman Square
627,70507,1,Green-B,540.4857142857143,5169.571428571428,Magoun Square
628,70507,1,Green-C,418.3414634146341,23329.7,Magoun Square
629,70507,1,Green-D,379.9337349397591,20655.61904761905,Magoun Square
630,70507,1,Green-E,499.4541300735818,503.92422264419656,Magoun Square
631,70508,0,Green-B,424.1707317073171,6891.333333333333,Magoun Square
632,70508,0,Green-C,307.5966850828729,16500.96875,Magoun Square
633,70508,0,Green-D,308.2266666666667,17093.928571428572,Magoun Square
634,70508,0,Green-E,501.5083616989788,503.0179665532041,Magoun Square
635,70509,1,Green-B,525.9142857142857,5172.714285714285,Ball Square
636,70509,1,Green-C,434.3272727272727,23347.35,Ball Square
637,70509,1,Green-D,389.390243902439,20447.9,Ball Square
638,70509,1,Green-E,499.2090700816543,503.7827248964728,Ball Square
639,70510,0,Green-B,392.6,6915.0,Ball Square
640,70510,0,Green-C,305.7096774193548,16002.878787878788,Ball Square
641,70510,0,Green-D,296.3896103896104,16800.333333333332,Ball Square
642,70510,0,Green-E,499.8925016198386,503.3677219849801,Ball Square
643,70512,0,Green-B,453.1428571428572,4970.142857142857,Medford/Tufts
644,70512,0,Green-C,372.8187919463088,23143.647058823528,Medford/Tufts
645,70512,0,Green-D,339.7464788732394,20889.2,Medford/Tufts
646,70513,1,Green-B,481.97222222222223,5180.428571428572,East Somerville
647,70513,1,Green-C,393.75,23281.8,East Somerville
648,70513,1,Green-D,339.3090909090909,19925.17073170732,East Somerville
649,70513,1,Green-E,504.1005248643359,508.49873965778,East Somerville
650,70514,0,Green-B,420.77777777777777,11686.2,East Somerville
651,70514,0,Green-C,323.0282485875706,19796.03846153846,East Somerville
652,70514,0,Green-D,313.3061224489796,19817.55,East Somerville
653,70514,0,Green-E,509.0339631739144,512.7155772534129,East Somerville
654,71150,1,Green-B,186.3196239231279,577.1900888499562,Kenmore
655,71150,1,Green-C,567.0,798.0,Kenmore
656,71150,1,Green-D,92.0,437.0,Kenmore
657,71151,0,Green-B,180.53796627066544,587.7228940871239,Kenmore
658,71151,0,Green-C,252.14285714285717,418.7142857142857,Kenmore
659,71151,0,Green-D,239.84615384615384,615.1538461538462,Kenmore
660,71199,1,Green-B,217.2741935483871,721.4098360655738,Park Street
661,71199,1,Green-C,220.64102564102564,1400.8974358974358,Park Street
662,71199,1,Green-D,290.2,701.9,Park Street
663,71199,1,Green-E,270.54545454545456,862.9090909090909,Park Street
664,Government Center-Brattle,0,Green-E,299.0,453.0,Government Center
665,Government Center-Brattle,1,Green-C,250.3846153846154,20371.90909090909,Government Center
666,Government Center-Brattle,1,Green-D,251.25,511.7287356321839,Government Center
667,Government Center-Brattle,1,Green-E,160.14893617021278,257.2340425531915,Government Center
668,Union Square-01,1,Green-D,,,Union Square
669,Union Square-01,1,Green-E,,,Union Square
670,Union Square-02,1,Green-C,,,Union Square
671,Union Square-02,1,Green-D,19330.0,,Union Square
